id,series,console,game,piece,midi,valence,arousal
8013,Banjo-Kazooie,N64,Banjo-Kazooie,Boggys Igloo Happy,labelled/phrases/Banjo-Kazooie_N64_Banjo-Kazooie_Boggys Igloo Happy.mid,1,1
8073,Banjo-Kazooie,N64,Banjo-Kazooie,Boggys Igloo Sad,labelled/phrases/Banjo-Kazooie_N64_Banjo-Kazooie_Boggys Igloo Sad.mid,1,-1
8029,Banjo-Kazooie,N64,Banjo-Kazooie,Bubblegloop Swamp,labelled/phrases/Banjo-Kazooie_N64_Banjo-Kazooie_Bubblegloop Swamp.mid,1,1
8022,Banjo-Kazooie,N64,Banjo-Kazooie,Click Clock Wood,labelled/phrases/Banjo-Kazooie_N64_Banjo-Kazooie_Click Clock Wood.mid,1,1
8066,Banjo-Kazooie,N64,Banjo-Kazooie,Ending,labelled/phrases/Banjo-Kazooie_N64_Banjo-Kazooie_Ending.mid,1,-1
8079,Banjo-Kazooie,N64,Banjo-Kazooie,Freezeezy Peak,labelled/phrases/Banjo-Kazooie_N64_Banjo-Kazooie_Freezeezy Peak.mid,1,1
8091,Banjo-Kazooie,N64,Banjo-Kazooie,Gobis Valley,labelled/phrases/Banjo-Kazooie_N64_Banjo-Kazooie_Gobis Valley.mid,1,1
8093,Banjo-Kazooie,N64,Banjo-Kazooie,Mad Monster Mansion,labelled/phrases/Banjo-Kazooie_N64_Banjo-Kazooie_Mad Monster Mansion.mid,-1,1
8019,Banjo-Kazooie,N64,Banjo-Kazooie,Motzhand,labelled/phrases/Banjo-Kazooie_N64_Banjo-Kazooie_Motzhand.mid,1,1
8051,Banjo-Kazooie,N64,Banjo-Kazooie,Mumbos Mountain,labelled/phrases/Banjo-Kazooie_N64_Banjo-Kazooie_Mumbos Mountain.mid,1,1
8129,Banjo-Kazooie,N64,Banjo-Kazooie,Rusty Bucket Bay Aquatic,labelled/phrases/Banjo-Kazooie_N64_Banjo-Kazooie_Rusty Bucket Bay Aquatic.mid,1,1
8170,Banjo-Kazooie,N64,Banjo-Tooie,Cauldron Keep,labelled/phrases/Banjo-Kazooie_N64_Banjo-Tooie_Cauldron Keep.mid,-1,1
8099,Banjo-Kazooie,N64,Banjo-Tooie,Chilly Willy Chilli Billi,labelled/phrases/Banjo-Kazooie_N64_Banjo-Tooie_Chilly Willy Chilli Billi.mid,-1,1
8172,Banjo-Kazooie,N64,Banjo-Tooie,End Credits,labelled/phrases/Banjo-Kazooie_N64_Banjo-Tooie_End Credits.mid,1,1
8112,Banjo-Kazooie,N64,Banjo-Tooie,Here Comes Trouble,labelled/phrases/Banjo-Kazooie_N64_Banjo-Tooie_Here Comes Trouble.mid,-1,1
8198,Banjo-Kazooie,N64,Banjo-Tooie,Isle O Hags Cauldron Keep,labelled/phrases/Banjo-Kazooie_N64_Banjo-Tooie_Isle O Hags Cauldron Keep.mid,-1,-1
8150,Banjo-Kazooie,N64,Banjo-Tooie,Isle O Hags,labelled/phrases/Banjo-Kazooie_N64_Banjo-Tooie_Isle O Hags.mid,1,1
8102,Banjo-Kazooie,N64,Banjo-Tooie,Spiral Mountain,labelled/phrases/Banjo-Kazooie_N64_Banjo-Tooie_Spiral Mountain.mid,-1,-1
8108,Banjo-Kazooie,N64,Banjo-Tooie,Terry,labelled/phrases/Banjo-Kazooie_N64_Banjo-Tooie_Terry.mid,-1,1
8182,Banjo-Kazooie,N64,Banjo-Tooie,Witchy World,labelled/phrases/Banjo-Kazooie_N64_Banjo-Tooie_Witchy World.mid,-1,-1
8137,Battle of Olympus,NES,Battle of Olympus,3 Magic Hearts,labelled/phrases/Battle of Olympus_NES_Battle of Olympus_3 Magic Hearts.mid,1,1
8106,Battle of Olympus,NES,Battle of Olympus,A Brave Warrior,labelled/phrases/Battle of Olympus_NES_Battle of Olympus_A Brave Warrior.mid,1,1
8105,Battle of Olympus,NES,Battle of Olympus,A Prayer to Zeus,labelled/phrases/Battle of Olympus_NES_Battle of Olympus_A Prayer to Zeus.mid,1,1
8194,Battle of Olympus,NES,Battle of Olympus,Athene Sonata,labelled/phrases/Battle of Olympus_NES_Battle of Olympus_Athene Sonata.mid,1,1
8189,Battle of Olympus,NES,Battle of Olympus,Olympus No Tatakai,labelled/phrases/Battle of Olympus_NES_Battle of Olympus_Olympus No Tatakai.mid,-1,-1
8189,Battle of Olympus,NES,Battle of Olympus,Olympus No Tatakai,labelled/phrases/Battle of Olympus_NES_Battle of Olympus_Olympus No Tatakai.mid,1,-1
8097,Battle of Olympus,NES,Battle of Olympus,Orpheus Journey Arranged,labelled/phrases/Battle of Olympus_NES_Battle of Olympus_Orpheus Journey Arranged.mid,1,-1
8180,Battle of Olympus,NES,Battle of Olympus,The Story of a Lost Love,labelled/phrases/Battle of Olympus_NES_Battle of Olympus_The Story of a Lost Love.mid,1,-1
8155,Chrono,SNES,Chrono Trigger,600 AD,labelled/phrases/Chrono_SNES_Chrono Trigger_600 AD.mid,1,-1
8178,Chrono,SNES,Chrono Trigger,Chrono Trigger,labelled/phrases/Chrono_SNES_Chrono Trigger_Chrono Trigger.mid,1,1
8168,Chrono,SNES,Chrono Trigger,Corridors of Time,labelled/phrases/Chrono_SNES_Chrono Trigger_Corridors of Time.mid,1,-1
8195,Chrono,SNES,Chrono Trigger,Maguss Theme,labelled/phrases/Chrono_SNES_Chrono Trigger_Maguss Theme.mid,1,1
8136,Chrono,SNES,Chrono Trigger,Millenial Fair,labelled/phrases/Chrono_SNES_Chrono Trigger_Millenial Fair.mid,1,1
8175,Chrono,SNES,Chrono Trigger,Ocean Palace,labelled/phrases/Chrono_SNES_Chrono Trigger_Ocean Palace.mid,-1,1
8100,Chrono,SNES,Chrono Trigger,Secret of the Forest,labelled/phrases/Chrono_SNES_Chrono Trigger_Secret of the Forest.mid,1,-1
8160,Chrono,SNES,Chrono Trigger,Silent Light,labelled/phrases/Chrono_SNES_Chrono Trigger_Silent Light.mid,1,1
8148,Chrono,SNES,Chrono Trigger,Wings That Cross Time,labelled/phrases/Chrono_SNES_Chrono Trigger_Wings That Cross Time.mid,1,-1
8069,Donkey Kong,SNES,Donkey Kong Country 2 Diddy's Kong Quest,Bayou Boogie,labelled/phrases/Donkey Kong_SNES_Donkey Kong Country 2 Diddy's Kong Quest_Bayou Boogie.mid,-1,-1
8081,Donkey Kong,SNES,Donkey Kong Country 2 Diddy's Kong Quest,Hot Head Bop,labelled/phrases/Donkey Kong_SNES_Donkey Kong Country 2 Diddy's Kong Quest_Hot Head Bop.mid,-1,1
8086,Donkey Kong,SNES,Donkey Kong Country 2 Diddy's Kong Quest,Jib Jig,labelled/phrases/Donkey Kong_SNES_Donkey Kong Country 2 Diddy's Kong Quest_Jib Jig.mid,1,1
8083,Donkey Kong,SNES,Donkey Kong Country 2 Diddy's Kong Quest,Snakey Chantey,labelled/phrases/Donkey Kong_SNES_Donkey Kong Country 2 Diddy's Kong Quest_Snakey Chantey.mid,1,1
8115,Dragon Quest,NES,Dragon Quest,Battle Theme,labelled/phrases/Dragon Quest_NES_Dragon Quest_Battle Theme.mid,-1,1
8095,Dragon Quest,NES,Dragon Quest,Castle Theme,labelled/phrases/Dragon Quest_NES_Dragon Quest_Castle Theme.mid,1,-1
8161,Dragon Quest,NES,Dragon Quest,Cave Theme,labelled/phrases/Dragon Quest_NES_Dragon Quest_Cave Theme.mid,1,1
8141,Dragon Quest,NES,Dragon Quest,Final Battle,labelled/phrases/Dragon Quest_NES_Dragon Quest_Final Battle.mid,1,1
8192,Dragon Quest,NES,Dragon Quest,Overworld Theme,labelled/phrases/Dragon Quest_NES_Dragon Quest_Overworld Theme.mid,1,-1
8188,Dragon Quest,NES,Dragon Quest,Title Screen,labelled/phrases/Dragon Quest_NES_Dragon Quest_Title Screen.mid,1,1
8151,Dragon Quest,NES,Dragon Quest,Town Theme,labelled/phrases/Dragon Quest_NES_Dragon Quest_Town Theme.mid,1,1
8043,Final Fantasy,PS1,Final Fantasy VII,A High Wind Takes to the Skies,labelled/phrases/Final Fantasy_PS1_Final Fantasy VII_A High Wind Takes to the Skies.mid,1,1
8037,Final Fantasy,PS1,Final Fantasy VII,Aeriths Theme,labelled/phrases/Final Fantasy_PS1_Final Fantasy VII_Aeriths Theme.mid,1,-1
8190,Final Fantasy,PS1,Final Fantasy VII,Ahead On Our Way Remix,labelled/phrases/Final Fantasy_PS1_Final Fantasy VII_Ahead On Our Way Remix.mid,1,1
8077,Final Fantasy,PS1,Final Fantasy VII,Anxious Heart,labelled/phrases/Final Fantasy_PS1_Final Fantasy VII_Anxious Heart.mid,-1,-1
8008,Final Fantasy,PS1,Final Fantasy VII,Battle Theme,labelled/phrases/Final Fantasy_PS1_Final Fantasy VII_Battle Theme.mid,1,1
8113,Final Fantasy,PS1,Final Fantasy VII,Cait Siths Theme,labelled/phrases/Final Fantasy_PS1_Final Fantasy VII_Cait Siths Theme.mid,1,1
8044,Final Fantasy,PS1,Final Fantasy VII,Chasing The Black Caped Man,labelled/phrases/Final Fantasy_PS1_Final Fantasy VII_Chasing The Black Caped Man.mid,-1,-1
8085,Final Fantasy,PS1,Final Fantasy VII,Cinco de Chocobo,labelled/phrases/Final Fantasy_PS1_Final Fantasy VII_Cinco de Chocobo.mid,1,1
8001,Final Fantasy,PS1,Final Fantasy VII,Continue,labelled/phrases/Final Fantasy_PS1_Final Fantasy VII_Continue.mid,1,-1
8103,Final Fantasy,PS1,Final Fantasy VII,Cosmo Canyon,labelled/phrases/Final Fantasy_PS1_Final Fantasy VII_Cosmo Canyon.mid,1,1
8045,Final Fantasy,PS1,Final Fantasy VII,Costa Del Sol,labelled/phrases/Final Fantasy_PS1_Final Fantasy VII_Costa Del Sol.mid,1,-1
8007,Final Fantasy,PS1,Final Fantasy VII,Electric de Chocobo,labelled/phrases/Final Fantasy_PS1_Final Fantasy VII_Electric de Chocobo.mid,1,1
8082,Final Fantasy,PS1,Final Fantasy VII,Fortress of the Condor,labelled/phrases/Final Fantasy_PS1_Final Fantasy VII_Fortress of the Condor.mid,-1,1
8059,Final Fantasy,PS1,Final Fantasy VII,Gold Saucer,labelled/phrases/Final Fantasy_PS1_Final Fantasy VII_Gold Saucer.mid,1,1
8092,Final Fantasy,PS1,Final Fantasy VII,Great Warrior,labelled/phrases/Final Fantasy_PS1_Final Fantasy VII_Great Warrior.mid,1,-1
8004,Final Fantasy,PS1,Final Fantasy VII,Holding My Thoughts in My Heart,labelled/phrases/Final Fantasy_PS1_Final Fantasy VII_Holding My Thoughts in My Heart.mid,1,-1
8048,Final Fantasy,PS1,Final Fantasy VII,Its Difficult To Stand On Both Feet Isnt It,labelled/phrases/Final Fantasy_PS1_Final Fantasy VII_Its Difficult To Stand On Both Feet Isnt It.mid,-1,1
8197,Final Fantasy,PS1,Final Fantasy VII,JENOVA,labelled/phrases/Final Fantasy_PS1_Final Fantasy VII_JENOVA.mid,-1,1
8030,Final Fantasy,PS1,Final Fantasy VII,Jenova Absolute,labelled/phrases/Final Fantasy_PS1_Final Fantasy VII_Jenova Absolute.mid,1,1
8063,Final Fantasy,PS1,Final Fantasy VII,Judgement Day,labelled/phrases/Final Fantasy_PS1_Final Fantasy VII_Judgement Day.mid,-1,-1
8028,Final Fantasy,PS1,Final Fantasy VII,Life Stream,labelled/phrases/Final Fantasy_PS1_Final Fantasy VII_Life Stream.mid,-1,-1
8000,Final Fantasy,PS1,Final Fantasy VII,Lurking In The Darkness,labelled/phrases/Final Fantasy_PS1_Final Fantasy VII_Lurking In The Darkness.mid,-1,-1
8006,Final Fantasy,PS1,Final Fantasy VII,Main Theme,labelled/phrases/Final Fantasy_PS1_Final Fantasy VII_Main Theme.mid,1,-1
8039,Final Fantasy,PS1,Final Fantasy VII,Mark of the Traitor,labelled/phrases/Final Fantasy_PS1_Final Fantasy VII_Mark of the Traitor.mid,-1,-1
8036,Final Fantasy,PS1,Final Fantasy VII,Mining Town,labelled/phrases/Final Fantasy_PS1_Final Fantasy VII_Mining Town.mid,1,-1
8017,Final Fantasy,PS1,Final Fantasy VII,On That Day 5 Years Ago,labelled/phrases/Final Fantasy_PS1_Final Fantasy VII_On That Day 5 Years Ago.mid,-1,-1
8110,Final Fantasy,PS1,Final Fantasy VII,One Winged Angel Reborn Arrangement,labelled/phrases/Final Fantasy_PS1_Final Fantasy VII_One Winged Angel Reborn Arrangement.mid,-1,1
8199,Final Fantasy,PS1,Final Fantasy VII,One Winged Angel,labelled/phrases/Final Fantasy_PS1_Final Fantasy VII_One Winged Angel.mid,-1,1
8002,Final Fantasy,PS1,Final Fantasy VII,Oppressed People,labelled/phrases/Final Fantasy_PS1_Final Fantasy VII_Oppressed People.mid,-1,1
8072,Final Fantasy,PS1,Final Fantasy VII,Overworld,labelled/phrases/Final Fantasy_PS1_Final Fantasy VII_Overworld.mid,1,-1
8089,Final Fantasy,PS1,Final Fantasy VII,Rufuss Welcoming Ceremony,labelled/phrases/Final Fantasy_PS1_Final Fantasy VII_Rufuss Welcoming Ceremony.mid,1,1
8026,Final Fantasy,PS1,Final Fantasy VII,Sandy Badlands,labelled/phrases/Final Fantasy_PS1_Final Fantasy VII_Sandy Badlands.mid,1,-1
8088,Final Fantasy,PS1,Final Fantasy VII,The Nightmare Begins,labelled/phrases/Final Fantasy_PS1_Final Fantasy VII_The Nightmare Begins.mid,-1,1
8055,Final Fantasy,PS1,Final Fantasy VII,Those Chosen By the Planet,labelled/phrases/Final Fantasy_PS1_Final Fantasy VII_Those Chosen By the Planet.mid,-1,1
8041,Final Fantasy,PS1,Final Fantasy VII,Tifa,labelled/phrases/Final Fantasy_PS1_Final Fantasy VII_Tifa.mid,1,-1
8025,Final Fantasy,PS1,Final Fantasy VII,Trail of Blood,labelled/phrases/Final Fantasy_PS1_Final Fantasy VII_Trail of Blood.mid,-1,-1
8056,Final Fantasy,PS1,Final Fantasy VII,Vincents Theme,labelled/phrases/Final Fantasy_PS1_Final Fantasy VII_Vincents Theme.mid,-1,1
8057,Final Fantasy,PS1,Final Fantasy VII,Waltz de Chocobo,labelled/phrases/Final Fantasy_PS1_Final Fantasy VII_Waltz de Chocobo.mid,1,1
8042,Final Fantasy,PS1,Final Fantasy VII,Weapon Raid,labelled/phrases/Final Fantasy_PS1_Final Fantasy VII_Weapon Raid.mid,-1,1
8054,Final Fantasy,PS1,Final Fantasy VII,Who Are You,labelled/phrases/Final Fantasy_PS1_Final Fantasy VII_Who Are You.mid,-1,-1
8185,Indiana Jones,PC,Indiana Jones and the Fate of Atlantis,Crossing,labelled/phrases/Indiana Jones_PC_Indiana Jones and the Fate of Atlantis_Crossing.mid,1,1
8122,Indiana Jones,PC,Indiana Jones and the Last Crusade,The Holy Grail,labelled/phrases/Indiana Jones_PC_Indiana Jones and the Last Crusade_The Holy Grail.mid,-1,-1
8119,Indiana Jones,PC,Indiana Jones and the Last Crusade,Venice,labelled/phrases/Indiana Jones_PC_Indiana Jones and the Last Crusade_Venice.mid,1,1
8196,Indiana Jones,PC,Indiana Jones and the Last Crusade,Zeppelin,labelled/phrases/Indiana Jones_PC_Indiana Jones and the Last Crusade_Zeppelin.mid,1,1
8132,Mana,SNES,Secret of Mana,A Wish,labelled/phrases/Mana_SNES_Secret of Mana_A Wish.mid,1,-1
8186,Mana,SNES,Secret of Mana,Close Your Eye lids,labelled/phrases/Mana_SNES_Secret of Mana_Close Your Eye lids.mid,1,-1
8116,Mana,SNES,Secret of Mana,Danger,labelled/phrases/Mana_SNES_Secret of Mana_Danger.mid,1,1
8162,Mana,SNES,Secret of Mana,Kind Memories,labelled/phrases/Mana_SNES_Secret of Mana_Kind Memories.mid,1,-1
8147,Mana,SNES,Secret of Mana,Meridian Dance,labelled/phrases/Mana_SNES_Secret of Mana_Meridian Dance.mid,1,1
8142,Mana,SNES,Secret of Mana,Rose and Ghost,labelled/phrases/Mana_SNES_Secret of Mana_Rose and Ghost.mid,1,-1
8193,Mana,SNES,Secret of Mana,Spirit of the Night,labelled/phrases/Mana_SNES_Secret of Mana_Spirit of the Night.mid,1,-1
8131,Mana,SNES,Secret of Mana,Tell A Strange Tale,labelled/phrases/Mana_SNES_Secret of Mana_Tell A Strange Tale.mid,1,1
8111,Mana,SNES,Secret of Mana,The Holy Intruder,labelled/phrases/Mana_SNES_Secret of Mana_The Holy Intruder.mid,1,1
8016,Other,N64,GoldenEye 007,Caverns,labelled/phrases/Other_N64_GoldenEye 007_Caverns.mid,-1,-1
8016,Other,N64,GoldenEye 007,Caverns,labelled/phrases/Other_N64_GoldenEye 007_Caverns.mid,-1,1
8076,Other,N64,GoldenEye 007,Dam,labelled/phrases/Other_N64_GoldenEye 007_Dam.mid,-1,1
8009,Other,N64,GoldenEye 007,Facility X,labelled/phrases/Other_N64_GoldenEye 007_Facility X.mid,-1,1
8071,Other,N64,GoldenEye 007,Frigate,labelled/phrases/Other_N64_GoldenEye 007_Frigate.mid,1,1
8012,Other,N64,GoldenEye 007,Runway X,labelled/phrases/Other_N64_GoldenEye 007_Runway X.mid,-1,-1
8067,Other,N64,GoldenEye 007,Runway,labelled/phrases/Other_N64_GoldenEye 007_Runway.mid,-1,1
8050,Other,N64,GoldenEye 007,Statue,labelled/phrases/Other_N64_GoldenEye 007_Statue.mid,-1,-1
8153,Other,NES,Ghosts 'n Goblins,Main Theme,labelled/phrases/Other_NES_Ghosts 'n Goblins_Main Theme.mid,1,1
8021,Other,NES,Tetris,Enter Your Name,labelled/phrases/Other_NES_Tetris_Enter Your Name.mid,1,1
8061,Other,NES,Tetris,Music A,labelled/phrases/Other_NES_Tetris_Music A.mid,1,1
8121,Other,PC,Age of Empires II The Age of Kings,Menu,labelled/phrases/Other_PC_Age of Empires II The Age of Kings_Menu.mid,-1,1
8104,Other,PC,Age of Empires,Title Theme,labelled/phrases/Other_PC_Age of Empires_Title Theme.mid,-1,1
8174,Other,PC,Aion Tower of Eternity,Death Waltz,labelled/phrases/Other_PC_Aion Tower of Eternity_Death Waltz.mid,-1,-1
8144,Other,PC,Aion Tower of Eternity,Fairy of the Peace,labelled/phrases/Other_PC_Aion Tower of Eternity_Fairy of the Peace.mid,1,-1
8144,Other,PC,Aion Tower of Eternity,Fairy of the Peace,labelled/phrases/Other_PC_Aion Tower of Eternity_Fairy of the Peace.mid,1,1
8144,Other,PC,Aion Tower of Eternity,Fairy of the Peace,labelled/phrases/Other_PC_Aion Tower of Eternity_Fairy of the Peace.mid,1,-1
8130,Other,PC,Aion Tower of Eternity,Forgotten Sorrow,labelled/phrases/Other_PC_Aion Tower of Eternity_Forgotten Sorrow.mid,1,-1
8114,Other,PC,Aion Tower of Eternity,Main Theme,labelled/phrases/Other_PC_Aion Tower of Eternity_Main Theme.mid,1,1
8143,Other,PC,Aion Tower of Eternity,Song of Moonlight,labelled/phrases/Other_PC_Aion Tower of Eternity_Song of Moonlight.mid,1,-1
8181,Other,PC,Aion Tower of Eternity,The Still Sad World,labelled/phrases/Other_PC_Aion Tower of Eternity_The Still Sad World.mid,1,-1
8140,Other,PC,Aion Tower of Eternity,Wings of the Knight,labelled/phrases/Other_PC_Aion Tower of Eternity_Wings of the Knight.mid,1,-1
8145,Other,PC,The Sims,Bittersweet,labelled/phrases/Other_PC_The Sims_Bittersweet.mid,1,-1
8146,Other,PC,The Sims,Buying Theme,labelled/phrases/Other_PC_The Sims_Buying Theme.mid,1,1
8117,Other,PC,The Sims,New Beginnings,labelled/phrases/Other_PC_The Sims_New Beginnings.mid,1,-1
8138,Other,PC,The Sims,Since We Met,labelled/phrases/Other_PC_The Sims_Since We Met.mid,1,1
8124,Other,PC,The Sims,The Neighbourhood,labelled/phrases/Other_PC_The Sims_The Neighbourhood.mid,1,-1
8156,Other,PC,The Sims,The Simple Life,labelled/phrases/Other_PC_The Sims_The Simple Life.mid,1,-1
8134,Other,PC,The Sims,Theme 4,labelled/phrases/Other_PC_The Sims_Theme 4.mid,1,-1
8165,Other,PC,The Sims,Theme 5,labelled/phrases/Other_PC_The Sims_Theme 5.mid,1,-1
8191,Other,PC,Warcraft III Reign of Chaos,Blackrock and Roll,labelled/phrases/Other_PC_Warcraft III Reign of Chaos_Blackrock and Roll.mid,-1,1
8125,Other,PC,Warcraft II,Human Theme 1,labelled/phrases/Other_PC_Warcraft II_Human Theme 1.mid,-1,1
8127,Other,PC,Warcraft II,Orc Theme 1,labelled/phrases/Other_PC_Warcraft II_Orc Theme 1.mid,-1,1
8139,Other,PC,World of Warcraft Warlords of Draenor,Song of Elune,labelled/phrases/Other_PC_World of Warcraft Warlords of Draenor_Song of Elune.mid,1,-1
8118,Other,PC,World of Warcraft Warlords of Draenor,Stormwind,labelled/phrases/Other_PC_World of Warcraft Warlords of Draenor_Stormwind.mid,-1,1
8159,Other,PC,World of Warcraft Wrath of the Lich King,Arthas my Son,labelled/phrases/Other_PC_World of Warcraft Wrath of the Lich King_Arthas my Son.mid,-1,-1
8090,Other,PS2,Shadow of the Colossus,Memories,labelled/phrases/Other_PS2_Shadow of the Colossus_Memories.mid,1,-1
8052,Other,PS2,Shadow of the Colossus,Prayer,labelled/phrases/Other_PS2_Shadow of the Colossus_Prayer.mid,-1,-1
8034,Other,PS2,Shadow of the Colossus,The Farthest Land,labelled/phrases/Other_PS2_Shadow of the Colossus_The Farthest Land.mid,-1,-1
8070,Other,PS2,Shadow of the Colossus,The Opened Way,labelled/phrases/Other_PS2_Shadow of the Colossus_The Opened Way.mid,-1,1
8046,Other,PS2,Shadow of the Colossus,The Tale of the 16 Sacrifices,labelled/phrases/Other_PS2_Shadow of the Colossus_The Tale of the 16 Sacrifices.mid,1,-1
8120,Star Fox,GCN,Star Fox Adventures,Dark Ice Mines,labelled/phrases/Star Fox_GCN_Star Fox Adventures_Dark Ice Mines.mid,-1,-1
8107,Star Fox,SNES,Star Fox,Corneria,labelled/phrases/Star Fox_SNES_Star Fox_Corneria.mid,1,1
8133,Star Fox,SNES,Star Fox,Map,labelled/phrases/Star Fox_SNES_Star Fox_Map.mid,1,1
8123,Star Fox,SNES,Star Fox,SpaceArmada,labelled/phrases/Star Fox_SNES_Star Fox_SpaceArmada.mid,1,-1
8163,Star Fox,SNES,Star Fox,Stage,labelled/phrases/Star Fox_SNES_Star Fox_Stage_Clear.mid,1,1
8096,Star Fox,SNES,Star Fox,Venom,labelled/phrases/Star Fox_SNES_Star Fox_Venom.mid,1,1
8184,Super Mario,N64,Super Mario 64,Cool Cool Mountain,labelled/phrases/Super Mario_N64_Super Mario 64_Cool Cool Mountain.mid,1,1
8179,Super Mario,N64,Super Mario 64,Dire Dire Docks,labelled/phrases/Super Mario_N64_Super Mario 64_Dire Dire Docks.mid,1,-1
8128,Super Mario,N64,Super Mario 64,Final Bowser,labelled/phrases/Super Mario_N64_Super Mario 64_Final Bowser.mid,-1,1
8169,Super Mario,N64,Super Mario 64,Haunted Merry Go Round,labelled/phrases/Super Mario_N64_Super Mario 64_Haunted Merry Go Round.mid,1,1
8035,Super Mario,N64,Super Mario 64,Koopas Theme,labelled/phrases/Super Mario_N64_Super Mario 64_Koopas Theme.mid,-1,1
8164,Super Mario,N64,Super Mario 64,Princess Secret Slide,labelled/phrases/Super Mario_N64_Super Mario 64_Princess Secret Slide.mid,1,1
8074,Super Mario,N64,Super Mario 64,Select a File,labelled/phrases/Super Mario_N64_Super Mario 64_Select a File.mid,1,1
8038,Super Mario,NES,Super Mario Bros,Main Theme,labelled/phrases/Super Mario_NES_Super Mario Bros_Main Theme.mid,1,1
8078,Super Mario,NES,Super Mario Bros,Underwater,labelled/phrases/Super Mario_NES_Super Mario Bros_Underwater.mid,1,-1
8040,Super Mario,NES,Super Mario Bros,Underworld,labelled/phrases/Super Mario_NES_Super Mario Bros_Underworld.mid,-1,1
8015,Super Mario,SNES,Super Mario World,Castle,labelled/phrases/Super Mario_SNES_Super Mario World_Castle.mid,-1,1
8014,Super Mario,SNES,Super Mario World,Ending Theme,labelled/phrases/Super Mario_SNES_Super Mario World_Ending Theme.mid,1,-1
8075,Super Mario,SNES,Super Mario World,Forest of Illusion,labelled/phrases/Super Mario_SNES_Super Mario World_Forest of Illusion.mid,1,1
8049,Super Mario,SNES,Super Mario World,Overworld 2,labelled/phrases/Super Mario_SNES_Super Mario World_Overworld 2.mid,1,1
8060,Super Mario,SNES,Super Mario World,Overworld,labelled/phrases/Super Mario_SNES_Super Mario World_Overworld.mid,1,1
8024,Super Mario,SNES,Super Mario World,Title Screen,labelled/phrases/Super Mario_SNES_Super Mario World_Title Screen.mid,1,1
8005,The Legend of Zelda,N64,The Legend of Zelda Majora's Mask,Alien Invasion,labelled/phrases/The Legend of Zelda_N64_The Legend of Zelda Majora's Mask_Alien Invasion.mid,-1,1
8080,The Legend of Zelda,N64,The Legend of Zelda Majora's Mask,Chase Theme,labelled/phrases/The Legend of Zelda_N64_The Legend of Zelda Majora's Mask_Chase Theme.mid,-1,1
8062,The Legend of Zelda,N64,The Legend of Zelda Majora's Mask,Clock Town,labelled/phrases/The Legend of Zelda_N64_The Legend of Zelda Majora's Mask_Clock Town.mid,1,1
8068,The Legend of Zelda,N64,The Legend of Zelda Majora's Mask,Cremias Wagon Ride,labelled/phrases/The Legend of Zelda_N64_The Legend of Zelda Majora's Mask_Cremias Wagon Ride.mid,1,-1
8003,The Legend of Zelda,N64,The Legend of Zelda Majora's Mask,Deku Palace,labelled/phrases/The Legend of Zelda_N64_The Legend of Zelda Majora's Mask_Deku Palace.mid,1,1
8018,The Legend of Zelda,N64,The Legend of Zelda Majora's Mask,Song of Healing,labelled/phrases/The Legend of Zelda_N64_The Legend of Zelda Majora's Mask_Song of Healing.mid,1,-1
8094,The Legend of Zelda,N64,The Legend of Zelda Majora's Mask,Stone Temple Tower,labelled/phrases/The Legend of Zelda_N64_The Legend of Zelda Majora's Mask_Stone Temple Tower.mid,-1,-1
8053,The Legend of Zelda,N64,The Legend of Zelda Majora's Mask,Stone Tower Temple Inverted,labelled/phrases/The Legend of Zelda_N64_The Legend of Zelda Majora's Mask_Stone Tower Temple Inverted.mid,-1,1
8011,The Legend of Zelda,N64,The Legend of Zelda Majora's Mask,The Mayors Office,labelled/phrases/The Legend of Zelda_N64_The Legend of Zelda Majora's Mask_The Mayors Office.mid,1,1
8167,The Legend of Zelda,N64,The Legend of Zelda Ocarina of Time,Forest Temple,labelled/phrases/The Legend of Zelda_N64_The Legend of Zelda Ocarina of Time_Forest Temple.mid,-1,1
8010,The Legend of Zelda,N64,The Legend of Zelda Ocarina of Time,Ganondorf,labelled/phrases/The Legend of Zelda_N64_The Legend of Zelda Ocarina of Time_Ganondorf.mid,-1,-1
8027,The Legend of Zelda,N64,The Legend of Zelda Ocarina of Time,Gerudo Valley,labelled/phrases/The Legend of Zelda_N64_The Legend of Zelda Ocarina of Time_Gerudo Valley.mid,1,1
8065,The Legend of Zelda,N64,The Legend of Zelda Ocarina of Time,Goron City,labelled/phrases/The Legend of Zelda_N64_The Legend of Zelda Ocarina of Time_Goron City.mid,1,1
8126,The Legend of Zelda,N64,The Legend of Zelda Ocarina of Time,Hyrule Castle Courtyard,labelled/phrases/The Legend of Zelda_N64_The Legend of Zelda Ocarina of Time_Hyrule Castle Courtyard.mid,1,1
8058,The Legend of Zelda,N64,The Legend of Zelda Ocarina of Time,Hyrule Castle Town,labelled/phrases/The Legend of Zelda_N64_The Legend of Zelda Ocarina of Time_Hyrule Castle Town.mid,1,1
8047,The Legend of Zelda,N64,The Legend of Zelda Ocarina of Time,Inside Jabu Jabus Belly,labelled/phrases/The Legend of Zelda_N64_The Legend of Zelda Ocarina of Time_Inside Jabu Jabus Belly.mid,-1,1
8087,The Legend of Zelda,N64,The Legend of Zelda Ocarina of Time,Introduction,labelled/phrases/The Legend of Zelda_N64_The Legend of Zelda Ocarina of Time_Introduction.mid,1,-1
8157,The Legend of Zelda,N64,The Legend of Zelda Ocarina of Time,Kakariko Village,labelled/phrases/The Legend of Zelda_N64_The Legend of Zelda Ocarina of Time_Kakariko Village.mid,1,-1
8064,The Legend of Zelda,N64,The Legend of Zelda Ocarina of Time,Kokiri Forest,labelled/phrases/The Legend of Zelda_N64_The Legend of Zelda Ocarina of Time_Kokiri Forest.mid,1,1
8187,The Legend of Zelda,N64,The Legend of Zelda Ocarina of Time,Links House,labelled/phrases/The Legend of Zelda_N64_The Legend of Zelda Ocarina of Time_Links House.mid,1,1
8084,The Legend of Zelda,N64,The Legend of Zelda Ocarina of Time,Lost Woods,labelled/phrases/The Legend of Zelda_N64_The Legend of Zelda Ocarina of Time_Lost Woods.mid,1,-1
8166,The Legend of Zelda,N64,The Legend of Zelda Ocarina of Time,Medley of Time,labelled/phrases/The Legend of Zelda_N64_The Legend of Zelda Ocarina of Time_Medley of Time.mid,1,1
8023,The Legend of Zelda,N64,The Legend of Zelda Ocarina of Time,Owls Theme,labelled/phrases/The Legend of Zelda_N64_The Legend of Zelda Ocarina of Time_Owls Theme.mid,1,1
8033,The Legend of Zelda,N64,The Legend of Zelda Ocarina of Time,Prelude of Light,labelled/phrases/The Legend of Zelda_N64_The Legend of Zelda Ocarina of Time_Prelude of Light.mid,1,-1
8020,The Legend of Zelda,N64,The Legend of Zelda Ocarina of Time,Sarias Song,labelled/phrases/The Legend of Zelda_N64_The Legend of Zelda Ocarina of Time_Sarias Song.mid,1,1
8183,The Legend of Zelda,N64,The Legend of Zelda Ocarina of Time,Serenade of Water,labelled/phrases/The Legend of Zelda_N64_The Legend of Zelda Ocarina of Time_Serenade of Water.mid,1,-1
8158,The Legend of Zelda,N64,The Legend of Zelda Ocarina of Time,Song of Storms,labelled/phrases/The Legend of Zelda_N64_The Legend of Zelda Ocarina of Time_Song of Storms.mid,1,1
8031,The Legend of Zelda,N64,The Legend of Zelda Ocarina of Time,Temple of Time,labelled/phrases/The Legend of Zelda_N64_The Legend of Zelda Ocarina of Time_Temple of Time.mid,-1,-1
8032,The Legend of Zelda,N64,The Legend of Zelda Ocarina of Time,Windmill Hut,labelled/phrases/The Legend of Zelda_N64_The Legend of Zelda Ocarina of Time_Windmill Hut.mid,1,-1
8171,The Legend of Zelda,N64,The Legend of Zelda Ocarina of Time,Zeldas Lullaby,labelled/phrases/The Legend of Zelda_N64_The Legend of Zelda Ocarina of Time_Zeldas Lullaby.mid,1,-1
8098,Xeno,PS1,Xenogears,Bonds of Sea and Fire,labelled/phrases/Xeno_PS1_Xenogears_Bonds of Sea and Fire.mid,1,-1
8109,Xeno,PS1,Xenogears,Gathering Stars In the Night Sky,labelled/phrases/Xeno_PS1_Xenogears_Gathering Stars In the Night Sky.mid,1,-1
8154,Xeno,PS1,Xenogears,Knight of Fire,labelled/phrases/Xeno_PS1_Xenogears_Knight of Fire.mid,-1,1
8176,Xeno,PS1,Xenogears,Lost Broken Shards,labelled/phrases/Xeno_PS1_Xenogears_Lost Broken Shards.mid,1,-1
8152,Xeno,PS1,Xenogears,Ship of Regret and Sleep,labelled/phrases/Xeno_PS1_Xenogears_Ship of Regret and Sleep.mid,1,-1
8135,Xeno,PS1,Xenogears,Tears of the Stars Hearts of the People,labelled/phrases/Xeno_PS1_Xenogears_Tears of the Stars Hearts of the People.mid,-1,-1
8101,Xeno,PS1,Xenogears,The Wounded Shall Advance Into the Light,labelled/phrases/Xeno_PS1_Xenogears_The Wounded Shall Advance Into the Light.mid,1,-1
8177,Xeno,PS1,Xenogears,Treasure Which Cannot Be Stolen,labelled/phrases/Xeno_PS1_Xenogears_Treasure Which Cannot Be Stolen.mid,1,-1
8173,Xeno,PS1,Xenogears,Two Pieces,labelled/phrases/Xeno_PS1_Xenogears_Two Pieces.mid,1,-1
8149,Xeno,PS1,Xenogears,Valley Where the Wind Is Born,labelled/phrases/Xeno_PS1_Xenogears_Valley Where the Wind Is Born.mid,1,-1
